X,Y,ele,time,magvar,geoidheigh,name,cmt,desc,src,link1_href,link1_text,link1_type,link2_href,link2_text,link2_type,sym,type,fix,sat,hdop,vdop,pdop,ageofdgpsd,dgpsid,wptx1_Wayp,layer,path
44.171934,-20.779366,71.318534999999997,2019/03/01 03:25:37.000,,,6 030101,,,,,,,,,,"Flag, Blue",,,,,,,,,0,Waypoints_01-MAR-19 waypoints,D:/Google Drive/Graduate School/Research/FieldSeason2019KMNP/Waypoints/Waypoints_01-MAR-19.gpx|layername=waypoints
44.172334,-20.779439,61.970180999999997,2019/03/01 03:30:39.000,,,6 022602,,,,,,,,,,"Flag, Blue",,,,,,,,,0,Waypoints_01-MAR-19 waypoints,D:/Google Drive/Graduate School/Research/FieldSeason2019KMNP/Waypoints/Waypoints_01-MAR-19.gpx|layername=waypoints
44.174076,-20.780966,60.918793000000001,2019/03/01 03:46:11.000,,,3 020301,,,,,,,,,,"Flag, Blue",,,,,,,,,0,Waypoints_01-MAR-19 waypoints,D:/Google Drive/Graduate School/Research/FieldSeason2019KMNP/Waypoints/Waypoints_01-MAR-19.gpx|layername=waypoints
44.173594,-20.78107,62.133186000000002,2019/03/01 03:54:39.000,,,3 021403,,,,,,,,,,"Flag, Blue",,,,,,,,,0,Waypoints_01-MAR-19 waypoints,D:/Google Drive/Graduate School/Research/FieldSeason2019KMNP/Waypoints/Waypoints_01-MAR-19.gpx|layername=waypoints
44.173768,-20.781004,61.263283000000001,2019/03/01 03:58:20.000,,,3 021404,,,,,,,,,,"Flag, Blue",,,,,,,,,0,Waypoints_01-MAR-19 waypoints,D:/Google Drive/Graduate School/Research/FieldSeason2019KMNP/Waypoints/Waypoints_01-MAR-19.gpx|layername=waypoints
44.173495,-20.781341,57.826461999999999,2019/03/01 04:05:44.000,,,3 021402,,,,,,,,,,"Flag, Blue",,,,,,,,,0,Waypoints_01-MAR-19 waypoints,D:/Google Drive/Graduate School/Research/FieldSeason2019KMNP/Waypoints/Waypoints_01-MAR-19.gpx|layername=waypoints
44.173383,-20.781401,61.868656000000001,2019/03/01 04:08:53.000,,,3 021401,,,,,,,,,,"Flag, Blue",,,,,,,,,0,Waypoints_01-MAR-19 waypoints,D:/Google Drive/Graduate School/Research/FieldSeason2019KMNP/Waypoints/Waypoints_01-MAR-19.gpx|layername=waypoints
44.172828,-20.78111,64.048004000000006,2019/03/01 04:14:52.000,,,3 011301,,,,,,,,,,"Flag, Blue",,,,,,,,,0,Waypoints_01-MAR-19 waypoints,D:/Google Drive/Graduate School/Research/FieldSeason2019KMNP/Waypoints/Waypoints_01-MAR-19.gpx|layername=waypoints
44.172728,-20.780879,58.103645000000000,2019/03/01 04:21:38.000,,,6 021004,,,,,,,,,,"Flag, Blue",,,,,,,,,0,Waypoints_01-MAR-19 waypoints,D:/Google Drive/Graduate School/Research/FieldSeason2019KMNP/Waypoints/Waypoints_01-MAR-19.gpx|layername=waypoints
44.172655,-20.781048,59.062255999999998,2019/03/01 04:24:56.000,,,6 011701,,,,,,,,,,"Flag, Blue",,,,,,,,,0,Waypoints_01-MAR-19 waypoints,D:/Google Drive/Graduate School/Research/FieldSeason2019KMNP/Waypoints/Waypoints_01-MAR-19.gpx|layername=waypoints
44.172645,-20.781128,61.243991999999999,2019/03/01 04:30:28.000,,,6 021003,,,,,,,,,,"Flag, Blue",,,,,,,,,0,Waypoints_01-MAR-19 waypoints,D:/Google Drive/Graduate School/Research/FieldSeason2019KMNP/Waypoints/Waypoints_01-MAR-19.gpx|layername=waypoints
44.172633,-20.781128,62.502361000000001,2019/03/01 04:33:35.000,,,6 021002,,,,,,,,,,"Flag, Blue",,,,,,,,,0,Waypoints_01-MAR-19 waypoints,D:/Google Drive/Graduate School/Research/FieldSeason2019KMNP/Waypoints/Waypoints_01-MAR-19.gpx|layername=waypoints
44.172115,-20.780795,59.812046000000002,2019/03/01 04:46:40.000,,,3 022808,,,,,,,,,,"Flag, Blue",,,,,,,,,0,Waypoints_01-MAR-19 waypoints,D:/Google Drive/Graduate School/Research/FieldSeason2019KMNP/Waypoints/Waypoints_01-MAR-19.gpx|layername=waypoints
44.171782,-20.781193,58.325263999999997,2019/03/01 04:55:14.000,,,6 021001,,,,,,,,,,"Flag, Blue",,,,,,,,,0,Waypoints_01-MAR-19 waypoints,D:/Google Drive/Graduate School/Research/FieldSeason2019KMNP/Waypoints/Waypoints_01-MAR-19.gpx|layername=waypoints
44.171838,-20.781149,62.538254000000002,2019/03/01 04:59:44.000,,,6 021504,,,,,,,,,,"Flag, Blue",,,,,,,,,0,Waypoints_01-MAR-19 waypoints,D:/Google Drive/Graduate School/Research/FieldSeason2019KMNP/Waypoints/Waypoints_01-MAR-19.gpx|layername=waypoints
44.170885,-20.780634,61.787685000000003,2019/03/01 05:22:11.000,,,6 022806,,,,,,,,,,"Flag, Blue",,,,,,,,,0,Waypoints_01-MAR-19 waypoints,D:/Google Drive/Graduate School/Research/FieldSeason2019KMNP/Waypoints/Waypoints_01-MAR-19.gpx|layername=waypoints
44.170896,-20.780643,63.939480000000003,2019/03/01 05:26:09.000,,,6 022807,,,,,,,,,,"Flag, Blue",,,,,,,,,0,Waypoints_01-MAR-19 waypoints,D:/Google Drive/Graduate School/Research/FieldSeason2019KMNP/Waypoints/Waypoints_01-MAR-19.gpx|layername=waypoints
44.170593,-20.780631,60.647449000000002,2019/03/01 05:32:07.000,,,6 022805,,,,,,,,,,"Flag, Blue",,,,,,,,,0,Waypoints_01-MAR-19 waypoints,D:/Google Drive/Graduate School/Research/FieldSeason2019KMNP/Waypoints/Waypoints_01-MAR-19.gpx|layername=waypoints
44.170377,-20.780698,63.972701999999998,2019/03/01 05:35:37.000,,,6 022804,,,,,,,,,,"Flag, Blue",,,,,,,,,0,Waypoints_01-MAR-19 waypoints,D:/Google Drive/Graduate School/Research/FieldSeason2019KMNP/Waypoints/Waypoints_01-MAR-19.gpx|layername=waypoints
44.17034,-20.781021,64.606200999999999,2019/03/01 05:42:21.000,,,6 011604,,,,,,,,,,"Flag, Blue",,,,,,,,,0,Waypoints_01-MAR-19 waypoints,D:/Google Drive/Graduate School/Research/FieldSeason2019KMNP/Waypoints/Waypoints_01-MAR-19.gpx|layername=waypoints
44.169642,-20.780631,50.577446000000002,2019/03/01 05:49:55.000,,,6 022803,,,,,,,,,,"Flag, Blue",,,,,,,,,0,Waypoints_01-MAR-19 waypoints,D:/Google Drive/Graduate School/Research/FieldSeason2019KMNP/Waypoints/Waypoints_01-MAR-19.gpx|layername=waypoints
44.169611,-20.780613,59.652676000000000,2019/03/01 05:54:07.000,,,6 022802,,,,,,,,,,"Flag, Blue",,,,,,,,,0,Waypoints_01-MAR-19 waypoints,D:/Google Drive/Graduate School/Research/FieldSeason2019KMNP/Waypoints/Waypoints_01-MAR-19.gpx|layername=waypoints
44.169602,-20.780588,61.253520999999999,2019/03/01 05:59:14.000,,,6 022801,,,,,,,,,,"Flag, Blue",,,,,,,,,0,Waypoints_01-MAR-19 waypoints,D:/Google Drive/Graduate School/Research/FieldSeason2019KMNP/Waypoints/Waypoints_01-MAR-19.gpx|layername=waypoints
44.169593,-20.780586,,2019/03/03 05:30:26.000,,,3 030309,,,,,,,,,,"Flag, Blue",,,,,,,,,,Waypoints_03-MAR-19 waypoints,D:/Google Drive/Graduate School/Research/FieldSeason2019KMNP/Waypoints/Waypoints_03-MAR-19.gpx|layername=waypoints
44.17032,-20.78095,78.373688000000001,2019/02/04 10:20:32.000,,,001,CT 1 D30,,,,,,,,,"Flag, Blue",,,,,,,,,,Waypoints_04-FEB-19 waypoints,D:/Google Drive/Graduate School/Research/FieldSeason2019KMNP/Waypoints/Waypoints_04-FEB-19.gpx|layername=waypoints
44.17035,-20.780899,69.126472000000007,2019/02/04 10:29:38.000,,,002,CT 2 D31,,,,,,,,,"Flag, Blue",,,,,,,,,,Waypoints_04-FEB-19 waypoints,D:/Google Drive/Graduate School/Research/FieldSeason2019KMNP/Waypoints/Waypoints_04-FEB-19.gpx|layername=waypoints
44.172754,-20.780143,64.528464999999997,2019/02/04 10:54:05.000,,,003,CT 3 M34,,,,,,,,,"Flag, Blue",,,,,,,,,,Waypoints_04-FEB-19 waypoints,D:/Google Drive/Graduate School/Research/FieldSeason2019KMNP/Waypoints/Waypoints_04-FEB-19.gpx|layername=waypoints
44.172711,-20.780119,67.552207999999993,2019/02/04 10:59:01.000,,,004,CT 7 M34,,,,,,,,,"Flag, Blue",,,,,,,,,,Waypoints_04-FEB-19 waypoints,D:/Google Drive/Graduate School/Research/FieldSeason2019KMNP/Waypoints/Waypoints_04-FEB-19.gpx|layername=waypoints
44.169041,-20.78451,58.229939000000002,2019/03/04 10:53:08.000,,,2 030203,,,,,,,,,,"Flag, Blue",,,,,,,,,0,Waypoints_04-MAR-19 waypoints,D:/Google Drive/Graduate School/Research/FieldSeason2019KMNP/Waypoints/Waypoints_04-MAR-19.gpx|layername=waypoints
44.170328,-20.784597,63.309165999999998,2019/03/04 11:00:36.000,,,2 030202,,,,,,,,,,"Flag, Blue",,,,,,,,,0,Waypoints_04-MAR-19 waypoints,D:/Google Drive/Graduate School/Research/FieldSeason2019KMNP/Waypoints/Waypoints_04-MAR-19.gpx|layername=waypoints
44.171072,-20.784159,59.184688999999999,2019/03/04 11:11:05.000,,,2 030201,,,,,,,,,,"Flag, Blue",,,,,,,,,0,Waypoints_04-MAR-19 waypoints,D:/Google Drive/Graduate School/Research/FieldSeason2019KMNP/Waypoints/Waypoints_04-MAR-19.gpx|layername=waypoints
44.170834,-20.783465,58.905780999999998,2019/03/04 11:23:52.000,,,2 020704,,,,,,,,,,"Flag, Blue",,,,,,,,,0,Waypoints_04-MAR-19 waypoints,D:/Google Drive/Graduate School/Research/FieldSeason2019KMNP/Waypoints/Waypoints_04-MAR-19.gpx|layername=waypoints
44.170757,-20.783612,61.450836000000002,2019/03/04 11:27:14.000,,,2 012101,,,,,,,,,,"Flag, Blue",,,,,,,,,0,Waypoints_04-MAR-19 waypoints,D:/Google Drive/Graduate School/Research/FieldSeason2019KMNP/Waypoints/Waypoints_04-MAR-19.gpx|layername=waypoints
44.171246,-20.783505,46.157271999999999,2019/03/04 11:36:53.000,,,2 011301,,,,,,,,,,"Flag, Blue",,,,,,,,,0,Waypoints_04-MAR-19 waypoints,D:/Google Drive/Graduate School/Research/FieldSeason2019KMNP/Waypoints/Waypoints_04-MAR-19.gpx|layername=waypoints
44.171616,-20.783273,48.387000999999998,2019/03/04 11:40:42.000,,,2 011305,,,,,,,,,,"Flag, Blue",,,,,,,,,,Waypoints_04-MAR-19 waypoints,D:/Google Drive/Graduate School/Research/FieldSeason2019KMNP/Waypoints/Waypoints_04-MAR-19.gpx|layername=waypoints
44.171555,-20.78328,56.815745999999997,2019/03/04 11:48:08.000,,,2 011303,,,,,,,,,,"Flag, Blue",,,,,,,,,0,Waypoints_04-MAR-19 waypoints,D:/Google Drive/Graduate School/Research/FieldSeason2019KMNP/Waypoints/Waypoints_04-MAR-19.gpx|layername=waypoints
44.171569,-20.783302,59.909194999999997,2019/03/04 11:48:16.000,,,2 011304,,,,,,,,,,"Flag, Blue",,,,,,,,,,Waypoints_04-MAR-19 waypoints,D:/Google Drive/Graduate School/Research/FieldSeason2019KMNP/Waypoints/Waypoints_04-MAR-19.gpx|layername=waypoints
44.171699,-20.783115,59.385967000000001,2019/03/04 11:50:26.000,,,2 020701,,,,,,,,,,"Flag, Blue",,,,,,,,,,Waypoints_04-MAR-19 waypoints,D:/Google Drive/Graduate School/Research/FieldSeason2019KMNP/Waypoints/Waypoints_04-MAR-19.gpx|layername=waypoints
44.17185,-20.783062,57.917808999999998,2019/03/04 11:59:34.000,,,3 011801,,,,,,,,,,"Flag, Blue",,,,,,,,,0,Waypoints_04-MAR-19 waypoints,D:/Google Drive/Graduate School/Research/FieldSeason2019KMNP/Waypoints/Waypoints_04-MAR-19.gpx|layername=waypoints
44.171951,-20.78367,47.373756000000000,2019/03/04 12:09:03.000,,,2 021803,,,,,,,,,,"Flag, Blue",,,,,,,,,0,Waypoints_04-MAR-19 waypoints,D:/Google Drive/Graduate School/Research/FieldSeason2019KMNP/Waypoints/Waypoints_04-MAR-19.gpx|layername=waypoints
44.173064,-20.783498,53.114860999999998,2019/03/04 12:14:59.000,,,3 011802,,,,,,,,,,"Flag, Blue",,,,,,,,,0,Waypoints_04-MAR-19 waypoints,D:/Google Drive/Graduate School/Research/FieldSeason2019KMNP/Waypoints/Waypoints_04-MAR-19.gpx|layername=waypoints
44.173174,-20.78352,58.389941999999998,2019/03/04 12:19:20.000,,,3 011803,,,,,,,,,,"Flag, Blue",,,,,,,,,0,Waypoints_04-MAR-19 waypoints,D:/Google Drive/Graduate School/Research/FieldSeason2019KMNP/Waypoints/Waypoints_04-MAR-19.gpx|layername=waypoints
44.173233,-20.783559,62.112839000000001,2019/03/04 12:20:05.000,,,3 022701,,,,,,,,,,"Flag, Blue",,,,,,,,,,Waypoints_04-MAR-19 waypoints,D:/Google Drive/Graduate School/Research/FieldSeason2019KMNP/Waypoints/Waypoints_04-MAR-19.gpx|layername=waypoints
44.173316,-20.783626,60.753670000000000,2019/03/04 12:27:05.000,,,3 011804,,,,,,,,,,"Flag, Blue",,,,,,,,,0,Waypoints_04-MAR-19 waypoints,D:/Google Drive/Graduate School/Research/FieldSeason2019KMNP/Waypoints/Waypoints_04-MAR-19.gpx|layername=waypoints
44.173855,-20.783258,52.977203000000003,2019/03/04 12:31:57.000,,,3 011805,,,,,,,,,,"Flag, Blue",,,,,,,,,,Waypoints_04-MAR-19 waypoints,D:/Google Drive/Graduate School/Research/FieldSeason2019KMNP/Waypoints/Waypoints_04-MAR-19.gpx|layername=waypoints
44.174213,-20.783331,57.893715000000000,2019/03/04 12:36:28.000,,,3 013105,,,,,,,,,,"Flag, Blue",,,,,,,,,,Waypoints_04-MAR-19 waypoints,D:/Google Drive/Graduate School/Research/FieldSeason2019KMNP/Waypoints/Waypoints_04-MAR-19.gpx|layername=waypoints
44.17457,-20.782983,65.316215999999997,2019/03/04 12:44:16.000,,,3 013104,,,,,,,,,,"Flag, Blue",,,,,,,,,0,Waypoints_04-MAR-19 waypoints,D:/Google Drive/Graduate School/Research/FieldSeason2019KMNP/Waypoints/Waypoints_04-MAR-19.gpx|layername=waypoints
44.17524,-20.782968,64.687881000000004,2019/03/04 12:49:59.000,,,3 013103,,,,,,,,,,"Flag, Blue",,,,,,,,,,Waypoints_04-MAR-19 waypoints,D:/Google Drive/Graduate School/Research/FieldSeason2019KMNP/Waypoints/Waypoints_04-MAR-19.gpx|layername=waypoints
44.175471,-20.783006,62.905997999999997,2019/03/04 12:56:47.000,,,3 013102,,,,,,,,,,"Flag, Blue",,,,,,,,,0,Waypoints_04-MAR-19 waypoints,D:/Google Drive/Graduate School/Research/FieldSeason2019KMNP/Waypoints/Waypoints_04-MAR-19.gpx|layername=waypoints
44.175569,-20.782997,62.329441000000003,2019/03/04 12:58:00.000,,,3 012001,,,,,,,,,,"Flag, Blue",,,,,,,,,,Waypoints_04-MAR-19 waypoints,D:/Google Drive/Graduate School/Research/FieldSeason2019KMNP/Waypoints/Waypoints_04-MAR-19.gpx|layername=waypoints
44.177683,-20.78088,34.410912000000003,2019/02/05 03:46:08.000,,,005,CT 5 HH31,,,,,,,,,"Flag, Blue",,,,,,,,,,Waypoints_05-FEB-19 waypoints,D:/Google Drive/Graduate School/Research/FieldSeason2019KMNP/Waypoints/Waypoints_05-FEB-19.gpx|layername=waypoints
44.177443,-20.781027,55.640137000000003,2019/02/05 03:59:29.000,,,006,CT 6 HH31,,,,,,,,,"Flag, Blue",,,,,,,,,,Waypoints_05-FEB-19 waypoints,D:/Google Drive/Graduate School/Research/FieldSeason2019KMNP/Waypoints/Waypoints_05-FEB-19.gpx|layername=waypoints
44.177711,-20.780767,52.317574000000000,2019/02/05 04:13:44.000,,,007,CT 7 II32,,,,,,,,,"Flag, Blue",,,,,,,,,,Waypoints_05-FEB-19 waypoints,D:/Google Drive/Graduate School/Research/FieldSeason2019KMNP/Waypoints/Waypoints_05-FEB-19.gpx|layername=waypoints
44.175153,-20.783754,,2019/03/05 02:26:18.000,,,6 030202,,,,,,,,,,"Flag, Blue",,,,,,,,,,Waypoints_05-MAR-19 waypoints,D:/Google Drive/Graduate School/Research/FieldSeason2019KMNP/Waypoints/Waypoints_05-MAR-19.gpx|layername=waypoints
44.171253,-20.779662,58.327244000000000,2019/03/05 02:33:07.000,,,6 030204,,,,,,,,,,"Flag, Blue",,,,,,,,,,Waypoints_05-MAR-19 waypoints,D:/Google Drive/Graduate School/Research/FieldSeason2019KMNP/Waypoints/Waypoints_05-MAR-19.gpx|layername=waypoints
44.171243,-20.77961,56.979244000000001,2019/03/05 02:34:09.000,,,6 030202,,,,,,,,,,"Flag, Blue",,,,,,,,,,Waypoints_05-MAR-19 waypoints,D:/Google Drive/Graduate School/Research/FieldSeason2019KMNP/Waypoints/Waypoints_05-MAR-19.gpx|layername=waypoints
44.171258,-20.779633,56.518203999999997,2019/03/05 02:35:01.000,,,6 030201,,,,,,,,,,"Flag, Blue",,,,,,,,,,Waypoints_05-MAR-19 waypoints,D:/Google Drive/Graduate School/Research/FieldSeason2019KMNP/Waypoints/Waypoints_05-MAR-19.gpx|layername=waypoints
44.17125,-20.779649,63.856662999999998,2019/03/05 03:05:13.000,,,6 030203,,,,,,,,,,"Flag, Blue",,,,,,,,,,Waypoints_05-MAR-19 waypoints,D:/Google Drive/Graduate School/Research/FieldSeason2019KMNP/Waypoints/Waypoints_05-MAR-19.gpx|layername=waypoints
44.171253,-20.779667,68.410126000000005,2019/03/05 03:09:13.000,,,6 030501,,,,,,,,,,"Flag, Blue",,,,,,,,,,Waypoints_05-MAR-19 waypoints,D:/Google Drive/Graduate School/Research/FieldSeason2019KMNP/Waypoints/Waypoints_05-MAR-19.gpx|layername=waypoints
44.171221,-20.779517,64.900604000000001,2019/03/05 03:31:14.000,,,6 020501,,,,,,,,,,"Flag, Blue",,,,,,,,,,Waypoints_05-MAR-19 waypoints,D:/Google Drive/Graduate School/Research/FieldSeason2019KMNP/Waypoints/Waypoints_05-MAR-19.gpx|layername=waypoints
44.171318,-20.779142,,2019/03/05 09:28:56.000,,,2 030501,,,,,,,,,,"Flag, Blue",,,,,,,,,,Waypoints_05-MAR-19 waypoints,D:/Google Drive/Graduate School/Research/FieldSeason2019KMNP/Waypoints/Waypoints_05-MAR-19.gpx|layername=waypoints
44.174529,-20.785814,68.292679000000007,2019/03/05 09:40:03.000,,,2 030501,,,,,,,,,,"Flag, Blue",,,,,,,,,0,Waypoints_05-MAR-19 waypoints,D:/Google Drive/Graduate School/Research/FieldSeason2019KMNP/Waypoints/Waypoints_05-MAR-19.gpx|layername=waypoints
44.172636,-20.786449,65.201210000000003,2019/03/05 09:51:56.000,,,2 021303,,,,,,,,,,"Flag, Blue",,,,,,,,,,Waypoints_05-MAR-19 waypoints,D:/Google Drive/Graduate School/Research/FieldSeason2019KMNP/Waypoints/Waypoints_05-MAR-19.gpx|layername=waypoints
44.172273,-20.786287,59.176459999999999,2019/03/05 09:56:52.000,,,2 021304,,,,,,,,,,"Flag, Blue",,,,,,,,,,Waypoints_05-MAR-19 waypoints,D:/Google Drive/Graduate School/Research/FieldSeason2019KMNP/Waypoints/Waypoints_05-MAR-19.gpx|layername=waypoints
44.171844,-20.786399,60.469982000000002,2019/03/05 09:59:37.000,,,2 022501,,,,,,,,,,"Flag, Blue",,,,,,,,,,Waypoints_05-MAR-19 waypoints,D:/Google Drive/Graduate School/Research/FieldSeason2019KMNP/Waypoints/Waypoints_05-MAR-19.gpx|layername=waypoints
44.17103,-20.786754,59.042873000000000,2019/03/05 10:03:33.000,,,2 022502,,,,,,,,,,"Flag, Blue",,,,,,,,,,Waypoints_05-MAR-19 waypoints,D:/Google Drive/Graduate School/Research/FieldSeason2019KMNP/Waypoints/Waypoints_05-MAR-19.gpx|layername=waypoints
44.170922,-20.786795,59.303218999999999,2019/03/05 10:05:27.000,,,2 022503,,,,,,,,,,"Flag, Blue",,,,,,,,,,Waypoints_05-MAR-19 waypoints,D:/Google Drive/Graduate School/Research/FieldSeason2019KMNP/Waypoints/Waypoints_05-MAR-19.gpx|layername=waypoints
44.174934,-20.783827,80.950134000000006,2019/02/06 09:00:21.000,,,F1,Y21,,,,,,,,,"Flag, Blue",,,,,,,,,0,Waypoints_06-FEB-19 waypoints,D:/Google Drive/Graduate School/Research/FieldSeason2019KMNP/Waypoints/Waypoints_06-FEB-19.gpx|layername=waypoints
44.172901,-20.778982,59.184669000000000,2019/03/06 02:40:33.000,,,6 022201,,,,,,,,,,"Flag, Blue",,,,,,,,,,Waypoints_06-MAR-19 waypoints,D:/Google Drive/Graduate School/Research/FieldSeason2019KMNP/Waypoints/Waypoints_06-MAR-19.gpx|layername=waypoints
44.17284,-20.778802,70.229500000000002,2019/03/06 03:24:14.000,,,6 030601,,,,,,,,,,"Flag, Blue",,,,,,,,,,Waypoints_06-MAR-19 waypoints,D:/Google Drive/Graduate School/Research/FieldSeason2019KMNP/Waypoints/Waypoints_06-MAR-19.gpx|layername=waypoints
44.170253,-20.779066,46.678131000000000,2019/03/07 03:09:50.000,,,6 020202,,,,,,,,,,"Flag, Blue",,,,,,,,,,Waypoints_07-MAR-19 waypoints,D:/Google Drive/Graduate School/Research/FieldSeason2019KMNP/Waypoints/Waypoints_07-MAR-19.gpx|layername=waypoints
44.17026,-20.779229,55.202376999999998,2019/03/07 03:12:56.000,,,6 022501,,,,,,,,,,"Flag, Blue",,,,,,,,,,Waypoints_07-MAR-19 waypoints,D:/Google Drive/Graduate School/Research/FieldSeason2019KMNP/Waypoints/Waypoints_07-MAR-19.gpx|layername=waypoints
44.171314,-20.780504,71.031326000000007,2019/03/07 03:28:10.000,,,6 030206,,,,,,,,,,"Flag, Blue",,,,,,,,,0,Waypoints_07-MAR-19 waypoints,D:/Google Drive/Graduate School/Research/FieldSeason2019KMNP/Waypoints/Waypoints_07-MAR-19.gpx|layername=waypoints
44.170401,-20.781192,58.828811999999999,2019/03/07 03:38:13.000,,,6 030207,,,,,,,,,,"Flag, Blue",,,,,,,,,,Waypoints_07-MAR-19 waypoints,D:/Google Drive/Graduate School/Research/FieldSeason2019KMNP/Waypoints/Waypoints_07-MAR-19.gpx|layername=waypoints
44.1706,-20.78139,62.443390000000001,2019/03/07 03:46:10.000,,,6 011605,,,,,,,,,,"Flag, Blue",,,,,,,,,0,Waypoints_07-MAR-19 waypoints,D:/Google Drive/Graduate School/Research/FieldSeason2019KMNP/Waypoints/Waypoints_07-MAR-19.gpx|layername=waypoints
44.171489,-20.781762,63.350951999999999,2019/03/07 03:59:43.000,,,6 011702,,,,,,,,,,"Flag, Blue",,,,,,,,,,Waypoints_07-MAR-19 waypoints,D:/Google Drive/Graduate School/Research/FieldSeason2019KMNP/Waypoints/Waypoints_07-MAR-19.gpx|layername=waypoints
44.172333,-20.781104,61.482418000000003,2019/03/07 04:12:26.000,,,3 011302,,,,,,,,,,"Flag, Blue",,,,,,,,,0,Waypoints_07-MAR-19 waypoints,D:/Google Drive/Graduate School/Research/FieldSeason2019KMNP/Waypoints/Waypoints_07-MAR-19.gpx|layername=waypoints
44.172492,-20.780549,66.248221999999998,2019/03/07 04:16:29.000,,,6 022206,,,,,,,,,,"Flag, Blue",,,,,,,,,,Waypoints_07-MAR-19 waypoints,D:/Google Drive/Graduate School/Research/FieldSeason2019KMNP/Waypoints/Waypoints_07-MAR-19.gpx|layername=waypoints
44.172039,-20.78072,64.699050999999997,2019/03/07 04:20:08.000,,,6 022207,,,,,,,,,,"Flag, Blue",,,,,,,,,,Waypoints_07-MAR-19 waypoints,D:/Google Drive/Graduate School/Research/FieldSeason2019KMNP/Waypoints/Waypoints_07-MAR-19.gpx|layername=waypoints
44.173657,-20.781392,67.214805999999996,2019/03/07 04:32:56.000,,,3 030301,,,,,,,,,,"Flag, Blue",,,,,,,,,0,Waypoints_07-MAR-19 waypoints,D:/Google Drive/Graduate School/Research/FieldSeason2019KMNP/Waypoints/Waypoints_07-MAR-19.gpx|layername=waypoints
44.174864,-20.781363,60.900944000000003,2019/03/07 04:41:39.000,,,3 030302,,,,,,,,,,"Flag, Blue",,,,,,,,,,Waypoints_07-MAR-19 waypoints,D:/Google Drive/Graduate School/Research/FieldSeason2019KMNP/Waypoints/Waypoints_07-MAR-19.gpx|layername=waypoints
44.175304,-20.781126,63.894238000000001,2019/03/07 04:46:07.000,,,3 030303,,,,,,,,,,"Flag, Blue",,,,,,,,,,Waypoints_07-MAR-19 waypoints,D:/Google Drive/Graduate School/Research/FieldSeason2019KMNP/Waypoints/Waypoints_07-MAR-19.gpx|layername=waypoints
44.175594,-20.781178,65.451117999999994,2019/03/07 04:52:59.000,,,3 030304,,,,,,,,,,"Flag, Blue",,,,,,,,,0,Waypoints_07-MAR-19 waypoints,D:/Google Drive/Graduate School/Research/FieldSeason2019KMNP/Waypoints/Waypoints_07-MAR-19.gpx|layername=waypoints
44.175791,-20.781104,65.780738999999997,2019/03/07 04:56:09.000,,,3 030306,,,,,,,,,,"Flag, Blue",,,,,,,,,,Waypoints_07-MAR-19 waypoints,D:/Google Drive/Graduate School/Research/FieldSeason2019KMNP/Waypoints/Waypoints_07-MAR-19.gpx|layername=waypoints
44.17579,-20.781129,65.988129000000001,2019/03/07 04:57:05.000,,,3 030305,,,,,,,,,,"Flag, Blue",,,,,,,,,,Waypoints_07-MAR-19 waypoints,D:/Google Drive/Graduate School/Research/FieldSeason2019KMNP/Waypoints/Waypoints_07-MAR-19.gpx|layername=waypoints
44.176075,-20.781383,56.935462999999999,2019/03/07 05:07:41.000,,,3 030307,,,,,,,,,,"Flag, Blue",,,,,,,,,,Waypoints_07-MAR-19 waypoints,D:/Google Drive/Graduate School/Research/FieldSeason2019KMNP/Waypoints/Waypoints_07-MAR-19.gpx|layername=waypoints
44.176022,-20.781901,57.564628999999996,2019/03/07 05:10:58.000,,,3 030308,,,,,,,,,,"Flag, Blue",,,,,,,,,,Waypoints_07-MAR-19 waypoints,D:/Google Drive/Graduate School/Research/FieldSeason2019KMNP/Waypoints/Waypoints_07-MAR-19.gpx|layername=waypoints
44.176089,-20.78209,62.831474000000000,2019/03/07 05:16:01.000,,,3 030309,,,,,,,,,,"Flag, Blue",,,,,,,,,,Waypoints_07-MAR-19 waypoints,D:/Google Drive/Graduate School/Research/FieldSeason2019KMNP/Waypoints/Waypoints_07-MAR-19.gpx|layername=waypoints
44.17611,-20.782109,63.040008999999998,2019/03/07 05:17:34.000,,,3 022401,,,,,,,,,,"Flag, Blue",,,,,,,,,,Waypoints_07-MAR-19 waypoints,D:/Google Drive/Graduate School/Research/FieldSeason2019KMNP/Waypoints/Waypoints_07-MAR-19.gpx|layername=waypoints
44.17647,-20.782687,57.762180000000001,2019/03/07 05:24:52.000,,,3 012003,,,,,,,,,,"Flag, Blue",,,,,,,,,,Waypoints_07-MAR-19 waypoints,D:/Google Drive/Graduate School/Research/FieldSeason2019KMNP/Waypoints/Waypoints_07-MAR-19.gpx|layername=waypoints
44.176692,-20.782637,60.404068000000002,2019/03/07 05:35:02.000,,,3 010901,,,,,,,,,,"Flag, Blue",,,,,,,,,0,Waypoints_07-MAR-19 waypoints,D:/Google Drive/Graduate School/Research/FieldSeason2019KMNP/Waypoints/Waypoints_07-MAR-19.gpx|layername=waypoints
44.176254,-20.783049,54.896999000000001,2019/03/07 05:39:51.000,,,3 013101,,,,,,,,,,"Flag, Blue",,,,,,,,,,Waypoints_07-MAR-19 waypoints,D:/Google Drive/Graduate School/Research/FieldSeason2019KMNP/Waypoints/Waypoints_07-MAR-19.gpx|layername=waypoints
44.175192,-20.783536,58.128062999999997,2019/03/07 05:57:39.000,,,3 020602,,,,,,,,,,"Flag, Blue",,,,,,,,,,Waypoints_07-MAR-19 waypoints,D:/Google Drive/Graduate School/Research/FieldSeason2019KMNP/Waypoints/Waypoints_07-MAR-19.gpx|layername=waypoints
44.174175,-20.784183,50.544384000000001,2019/03/07 06:03:45.000,,,3 022703,,,,,,,,,,"Flag, Blue",,,,,,,,,,Waypoints_07-MAR-19 waypoints,D:/Google Drive/Graduate School/Research/FieldSeason2019KMNP/Waypoints/Waypoints_07-MAR-19.gpx|layername=waypoints
44.170582,-20.783403,57.167313000000000,2019/03/07 06:15:31.000,,,2 020703,,,,,,,,,,"Flag, Blue",,,,,,,,,,Waypoints_07-MAR-19 waypoints,D:/Google Drive/Graduate School/Research/FieldSeason2019KMNP/Waypoints/Waypoints_07-MAR-19.gpx|layername=waypoints
44.17021,-20.783666,64.078536999999997,2019/03/07 06:20:35.000,,,2 020702,,,,,,,,,,"Flag, Blue",,,,,,,,,,Waypoints_07-MAR-19 waypoints,D:/Google Drive/Graduate School/Research/FieldSeason2019KMNP/Waypoints/Waypoints_07-MAR-19.gpx|layername=waypoints
44.174176,-20.779706,70.530190000000005,2019/01/09 08:06:40.000,,,6 010902,R37,,,,,,,,,"Flag, Blue",,,,,,,,,,Waypoints_09-JAN-19 waypoints,D:/Google Drive/Graduate School/Research/FieldSeason2019KMNP/Waypoints/Waypoints_09-JAN-19.gpx|layername=waypoints
44.173041,-20.778731,66.915085000000005,2019/02/26 07:09:41.000,,,6 011003,M41,,,,,,,,,"Flag, Blue",,,,,,,,,0,Waypoints_10-JAN-19 waypoints,D:/Google Drive/Graduate School/Research/FieldSeason2019KMNP/Waypoints/Waypoints_10-JAN-19.gpx|layername=waypoints
44.17498,-20.783859,,2019/02/11 04:12:22.000,,,008,CT 6 HH12,,,,,,,,,"Flag, Blue",,,,,,,,,,Waypoints_11-FEB-19 waypoints,D:/Google Drive/Graduate School/Research/FieldSeason2019KMNP/Waypoints/Waypoints_11-FEB-19.gpx|layername=waypoints
44.175458,-20.788288,64.188927000000007,2019/02/11 04:33:34.000,,,009,CT4 AA1,,,,,,,,,"Flag, Blue",,,,,,,,,,Waypoints_11-FEB-19 waypoints,D:/Google Drive/Graduate School/Research/FieldSeason2019KMNP/Waypoints/Waypoints_11-FEB-19.gpx|layername=waypoints
44.172152,-20.779476,66.207733000000005,2019/02/11 05:11:27.000,,,010,CT4 J38,,,,,,,,,"Flag, Blue",,,,,,,,,,Waypoints_11-FEB-19 waypoints,D:/Google Drive/Graduate School/Research/FieldSeason2019KMNP/Waypoints/Waypoints_11-FEB-19.gpx|layername=waypoints
44.171153,-20.780081,68.927605000000000,2019/02/11 05:24:05.000,,,011,CT6 G34,,,,,,,,,"Flag, Blue",,,,,,,,,,Waypoints_11-FEB-19 waypoints,D:/Google Drive/Graduate School/Research/FieldSeason2019KMNP/Waypoints/Waypoints_11-FEB-19.gpx|layername=waypoints
44.174687,-20.785795,90.959548999999996,2019/02/13 10:19:17.000,,,012,CT4 Y10,,,,,,,,,"Flag, Blue",,,,,,,,,,Waypoints_13-FEB-19 waypoints,D:/Google Drive/Graduate School/Research/FieldSeason2019KMNP/Waypoints/Waypoints_13-FEB-19.gpx|layername=waypoints
44.170825,-20.779388,69.838943000000000,2019/02/16 05:05:20.000,,,6 021601,FONY,,,,,,,,,"Flag, Blue",,,,,,,,,,Waypoints_16-FEB-19 waypoints,D:/Google Drive/Graduate School/Research/FieldSeason2019KMNP/Waypoints/Waypoints_16-FEB-19.gpx|layername=waypoints
44.170908,-20.779473,66.235793999999999,2019/02/16 05:07:07.000,,,F2,,,,,,,,,,"Flag, Blue",,,,,,,,,,Waypoints_16-FEB-19 waypoints,D:/Google Drive/Graduate School/Research/FieldSeason2019KMNP/Waypoints/Waypoints_16-FEB-19.gpx|layername=waypoints
44.170903,-20.779586,64.306015000000002,2019/02/16 05:08:48.000,,,F3,,,,,,,,,,"Flag, Blue",,,,,,,,,,Waypoints_16-FEB-19 waypoints,D:/Google Drive/Graduate School/Research/FieldSeason2019KMNP/Waypoints/Waypoints_16-FEB-19.gpx|layername=waypoints
44.171013,-20.779477,62.465404999999997,2019/02/16 05:10:02.000,,,F4,,,,,,,,,,"Flag, Blue",,,,,,,,,,Waypoints_16-FEB-19 waypoints,D:/Google Drive/Graduate School/Research/FieldSeason2019KMNP/Waypoints/Waypoints_16-FEB-19.gpx|layername=waypoints
44.170821,-20.779421,55.525356000000002,2019/02/16 05:11:54.000,,,H1,,,,,,,,,,"Flag, Blue",,,,,,,,,,Waypoints_16-FEB-19 waypoints,D:/Google Drive/Graduate School/Research/FieldSeason2019KMNP/Waypoints/Waypoints_16-FEB-19.gpx|layername=waypoints
44.170529,-20.779695,61.653193999999999,2019/02/16 05:14:39.000,,,F5,,,,,,,,,,"Flag, Blue",,,,,,,,,,Waypoints_16-FEB-19 waypoints,D:/Google Drive/Graduate School/Research/FieldSeason2019KMNP/Waypoints/Waypoints_16-FEB-19.gpx|layername=waypoints
44.170537,-20.779686,63.454624000000003,2019/02/16 05:15:29.000,,,6 021602,H,,,,,,,,,"Flag, Blue",,,,,,,,,,Waypoints_16-FEB-19 waypoints,D:/Google Drive/Graduate School/Research/FieldSeason2019KMNP/Waypoints/Waypoints_16-FEB-19.gpx|layername=waypoints
44.170584,-20.779723,64.768692000000001,2019/02/16 05:17:58.000,,,F6,,,,,,,,,,"Flag, Blue",,,,,,,,,,Waypoints_16-FEB-19 waypoints,D:/Google Drive/Graduate School/Research/FieldSeason2019KMNP/Waypoints/Waypoints_16-FEB-19.gpx|layername=waypoints
44.170525,-20.779791,62.461978999999999,2019/02/16 05:21:01.000,,,H2,,,,,,,,,,"Flag, Blue",,,,,,,,,,Waypoints_16-FEB-19 waypoints,D:/Google Drive/Graduate School/Research/FieldSeason2019KMNP/Waypoints/Waypoints_16-FEB-19.gpx|layername=waypoints
44.170567,-20.77976,63.253501999999997,2019/02/16 05:21:59.000,,,H3,,,,,,,,,,"Flag, Blue",,,,,,,,,,Waypoints_16-FEB-19 waypoints,D:/Google Drive/Graduate School/Research/FieldSeason2019KMNP/Waypoints/Waypoints_16-FEB-19.gpx|layername=waypoints
44.17064,-20.779778,62.201607000000003,2019/02/16 05:23:28.000,,,F7,,,,,,,,,,"Flag, Blue",,,,,,,,,,Waypoints_16-FEB-19 waypoints,D:/Google Drive/Graduate School/Research/FieldSeason2019KMNP/Waypoints/Waypoints_16-FEB-19.gpx|layername=waypoints
44.170695,-20.779757,62.320255000000003,2019/02/16 05:24:35.000,,,F8,,,,,,,,,,"Flag, Blue",,,,,,,,,,Waypoints_16-FEB-19 waypoints,D:/Google Drive/Graduate School/Research/FieldSeason2019KMNP/Waypoints/Waypoints_16-FEB-19.gpx|layername=waypoints
44.170547,-20.779496,60.638626000000002,2019/02/16 05:28:25.000,,,F9,,,,,,,,,,"Flag, Blue",,,,,,,,,,Waypoints_16-FEB-19 waypoints,D:/Google Drive/Graduate School/Research/FieldSeason2019KMNP/Waypoints/Waypoints_16-FEB-19.gpx|layername=waypoints
44.170467,-20.779398,59.552363999999997,2019/02/16 05:29:26.000,,,H4,,,,,,,,,,"Flag, Blue",,,,,,,,,,Waypoints_16-FEB-19 waypoints,D:/Google Drive/Graduate School/Research/FieldSeason2019KMNP/Waypoints/Waypoints_16-FEB-19.gpx|layername=waypoints
44.170396,-20.779337,60.613869000000001,2019/02/16 05:30:06.000,,,B1,,,,,,,,,,"Flag, Blue",,,,,,,,,,Waypoints_16-FEB-19 waypoints,D:/Google Drive/Graduate School/Research/FieldSeason2019KMNP/Waypoints/Waypoints_16-FEB-19.gpx|layername=waypoints
44.170334,-20.779505,62.674464999999998,2019/02/16 05:31:02.000,,,H5,,,,,,,,,,"Flag, Blue",,,,,,,,,,Waypoints_16-FEB-19 waypoints,D:/Google Drive/Graduate School/Research/FieldSeason2019KMNP/Waypoints/Waypoints_16-FEB-19.gpx|layername=waypoints
44.170454,-20.779439,61.413052000000000,2019/02/16 05:32:45.000,,,H6,,,,,,,,,,"Flag, Blue",,,,,,,,,,Waypoints_16-FEB-19 waypoints,D:/Google Drive/Graduate School/Research/FieldSeason2019KMNP/Waypoints/Waypoints_16-FEB-19.gpx|layername=waypoints
44.170905,-20.779859,57.271701999999998,2019/02/17 03:05:43.000,,,6 021701,,,,,,,,,,"Flag, Blue",,,,,,,,,,Waypoints_17-FEB-19 waypoints,D:/Google Drive/Graduate School/Research/FieldSeason2019KMNP/Waypoints/Waypoints_17-FEB-19.gpx|layername=waypoints
44.172184,-20.779902,55.592064000000001,2019/02/17 03:26:16.000,,,6 021502,,,,,,,,,,"Flag, Blue",,,,,,,,,,Waypoints_17-FEB-19 waypoints,D:/Google Drive/Graduate School/Research/FieldSeason2019KMNP/Waypoints/Waypoints_17-FEB-19.gpx|layername=waypoints
44.17246,-20.779464,55.153602999999997,2019/02/17 03:34:52.000,,,6 021501,,,,,,,,,,"Flag, Blue",,,,,,,,,,Waypoints_17-FEB-19 waypoints,D:/Google Drive/Graduate School/Research/FieldSeason2019KMNP/Waypoints/Waypoints_17-FEB-19.gpx|layername=waypoints
44.17246,-20.779781,55.327281999999997,2019/02/17 03:38:01.000,,,6 011002,,,,,,,,,,"Flag, Blue",,,,,,,,,,Waypoints_17-FEB-19 waypoints,D:/Google Drive/Graduate School/Research/FieldSeason2019KMNP/Waypoints/Waypoints_17-FEB-19.gpx|layername=waypoints
44.174127,-20.779775,36.701850999999998,2019/02/17 03:51:02.000,,,6 010902,,,,,,,,,,"Flag, Blue",,,,,,,,,,Waypoints_17-FEB-19 waypoints,D:/Google Drive/Graduate School/Research/FieldSeason2019KMNP/Waypoints/Waypoints_17-FEB-19.gpx|layername=waypoints
44.173412,-20.779509,55.666237000000002,2019/02/17 03:59:08.000,,,6 010901,,,,,,,,,,"Flag, Blue",,,,,,,,,,Waypoints_17-FEB-19 waypoints,D:/Google Drive/Graduate School/Research/FieldSeason2019KMNP/Waypoints/Waypoints_17-FEB-19.gpx|layername=waypoints
44.172726,-20.779492,57.893932000000000,2019/02/17 04:07:03.000,,,6 011001,,,,,,,,,,"Flag, Blue",,,,,,,,,,Waypoints_17-FEB-19 waypoints,D:/Google Drive/Graduate School/Research/FieldSeason2019KMNP/Waypoints/Waypoints_17-FEB-19.gpx|layername=waypoints
44.172996,-20.778755,40.151153999999998,2019/02/17 04:10:52.000,,,6 011003,,,,,,,,,,"Flag, Blue",,,,,,,,,,Waypoints_17-FEB-19 waypoints,D:/Google Drive/Graduate School/Research/FieldSeason2019KMNP/Waypoints/Waypoints_17-FEB-19.gpx|layername=waypoints
44.172507,-20.778783,55.435836999999999,2019/02/17 04:16:24.000,,,6 011403,,,,,,,,,,"Flag, Blue",,,,,,,,,,Waypoints_17-FEB-19 waypoints,D:/Google Drive/Graduate School/Research/FieldSeason2019KMNP/Waypoints/Waypoints_17-FEB-19.gpx|layername=waypoints
44.172998,-20.778837,63.269427999999998,2019/02/26 08:11:17.000,,,6 011404,,,,,,,,,,"Flag, Blue",,,,,,,,,0,Waypoints_17-FEB-19 waypoints,D:/Google Drive/Graduate School/Research/FieldSeason2019KMNP/Waypoints/Waypoints_17-FEB-19.gpx|layername=waypoints
44.172954,-20.778808,63.881476999999997,2019/02/26 08:07:16.000,,,6 011405,,,,,,,,,,"Flag, Blue",,,,,,,,,0,Waypoints_17-FEB-19 waypoints,D:/Google Drive/Graduate School/Research/FieldSeason2019KMNP/Waypoints/Waypoints_17-FEB-19.gpx|layername=waypoints
44.172111,-20.779432,56.212798999999997,2019/02/17 04:35:39.000,,,6 011601,,,,,,,,,,"Flag, Blue",,,,,,,,,,Waypoints_17-FEB-19 waypoints,D:/Google Drive/Graduate School/Research/FieldSeason2019KMNP/Waypoints/Waypoints_17-FEB-19.gpx|layername=waypoints
44.172234,-20.779316,61.114165999999997,2019/02/17 04:44:30.000,,,6 011402,,,,,,,,,,"Flag, Blue",,,,,,,,,,Waypoints_17-FEB-19 waypoints,D:/Google Drive/Graduate School/Research/FieldSeason2019KMNP/Waypoints/Waypoints_17-FEB-19.gpx|layername=waypoints
44.172217,-20.779343,62.903244000000001,2019/02/17 04:46:19.000,,,6 011401,,,,,,,,,,"Flag, Blue",,,,,,,,,,Waypoints_17-FEB-19 waypoints,D:/Google Drive/Graduate School/Research/FieldSeason2019KMNP/Waypoints/Waypoints_17-FEB-19.gpx|layername=waypoints
44.171848,-20.779313,58.328709000000003,2019/02/17 04:59:21.000,,,6 011602,,,,,,,,,,"Flag, Blue",,,,,,,,,,Waypoints_17-FEB-19 waypoints,D:/Google Drive/Graduate School/Research/FieldSeason2019KMNP/Waypoints/Waypoints_17-FEB-19.gpx|layername=waypoints
44.171103,-20.778756,54.245018000000002,2019/02/17 05:05:51.000,,,6 020204,,,,,,,,,,"Flag, Blue",,,,,,,,,,Waypoints_17-FEB-19 waypoints,D:/Google Drive/Graduate School/Research/FieldSeason2019KMNP/Waypoints/Waypoints_17-FEB-19.gpx|layername=waypoints
44.171016,-20.778902,58.658366999999998,2019/02/17 05:08:03.000,,,F10,,,,,,,,,,"Flag, Blue",,,,,,,,,,Waypoints_17-FEB-19 waypoints,D:/Google Drive/Graduate School/Research/FieldSeason2019KMNP/Waypoints/Waypoints_17-FEB-19.gpx|layername=waypoints
44.170987,-20.778896,60.985771000000000,2019/02/17 05:11:18.000,,,6 020203,,,,,,,,,,"Flag, Blue",,,,,,,,,,Waypoints_17-FEB-19 waypoints,D:/Google Drive/Graduate School/Research/FieldSeason2019KMNP/Waypoints/Waypoints_17-FEB-19.gpx|layername=waypoints
44.171023,-20.778775,60.221992000000000,2019/02/17 05:14:08.000,,,H7,,,,,,,,,,"Flag, Blue",,,,,,,,,,Waypoints_17-FEB-19 waypoints,D:/Google Drive/Graduate School/Research/FieldSeason2019KMNP/Waypoints/Waypoints_17-FEB-19.gpx|layername=waypoints
44.170988,-20.778786,60.377510000000001,2019/02/17 05:16:58.000,,,H8,,,,,,,,,,"Flag, Blue",,,,,,,,,,Waypoints_17-FEB-19 waypoints,D:/Google Drive/Graduate School/Research/FieldSeason2019KMNP/Waypoints/Waypoints_17-FEB-19.gpx|layername=waypoints
44.170887,-20.778829,59.008277999999997,2019/02/17 05:19:14.000,,,F11,,,,,,,,,,"Flag, Blue",,,,,,,,,,Waypoints_17-FEB-19 waypoints,D:/Google Drive/Graduate School/Research/FieldSeason2019KMNP/Waypoints/Waypoints_17-FEB-19.gpx|layername=waypoints
44.170923,-20.778687,60.040610999999998,2019/02/17 05:23:06.000,,,H9,,,,,,,,,,"Flag, Blue",,,,,,,,,,Waypoints_17-FEB-19 waypoints,D:/Google Drive/Graduate School/Research/FieldSeason2019KMNP/Waypoints/Waypoints_17-FEB-19.gpx|layername=waypoints
44.170986,-20.778769,66.658080999999996,2019/02/17 05:27:09.000,,,H10,,,,,,,,,,"Flag, Blue",,,,,,,,,,Waypoints_17-FEB-19 waypoints,D:/Google Drive/Graduate School/Research/FieldSeason2019KMNP/Waypoints/Waypoints_17-FEB-19.gpx|layername=waypoints
44.170281,-20.779016,56.374538000000001,2019/02/17 05:33:24.000,,,6 020201,,,,,,,,,,"Flag, Blue",,,,,,,,,,Waypoints_17-FEB-19 waypoints,D:/Google Drive/Graduate School/Research/FieldSeason2019KMNP/Waypoints/Waypoints_17-FEB-19.gpx|layername=waypoints
44.170305,-20.779277,54.694434999999999,2019/02/17 05:38:01.000,,,6 021603,,,,,,,,,,"Flag, Blue",,,,,,,,,,Waypoints_17-FEB-19 waypoints,D:/Google Drive/Graduate School/Research/FieldSeason2019KMNP/Waypoints/Waypoints_17-FEB-19.gpx|layername=waypoints
44.170548,-20.780282,58.772345999999999,2019/02/17 05:45:10.000,,,6 011603,,,,,,,,,,"Flag, Blue",,,,,,,,,,Waypoints_17-FEB-19 waypoints,D:/Google Drive/Graduate School/Research/FieldSeason2019KMNP/Waypoints/Waypoints_17-FEB-19.gpx|layername=waypoints
44.169552,-20.781527,63.042847000000002,2019/02/17 06:27:13.000,,,013,CT7 A29,,,,,,,,,"Flag, Blue",,,,,,,,,,Waypoints_17-FEB-19 waypoints,D:/Google Drive/Graduate School/Research/FieldSeason2019KMNP/Waypoints/Waypoints_17-FEB-19.gpx|layername=waypoints
44.171584,-20.783635,82.044692999999995,2019/02/18 07:24:29.000,,,6 021802,,,,,,,,,,"Flag, Blue",,,,,,,,,,Waypoints_18-FEB-19 waypoints,D:/Google Drive/Graduate School/Research/FieldSeason2019KMNP/Waypoints/Waypoints_18-FEB-19.gpx|layername=waypoints
44.175812,-20.783088,62.289448000000000,2019/02/21 06:31:53.000,,,3 022101,,,,,,,,,,"Flag, Blue",,,,,,,,,,Waypoints_21-FEB-19 waypoints,D:/Google Drive/Graduate School/Research/FieldSeason2019KMNP/Waypoints/Waypoints_21-FEB-19.gpx|layername=waypoints
44.175374,-20.783525,64.433753999999993,2019/02/21 07:52:58.000,,,3 020601,,,,,,,,,,"Flag, Blue",,,,,,,,,,Waypoints_21-FEB-19 waypoints,D:/Google Drive/Graduate School/Research/FieldSeason2019KMNP/Waypoints/Waypoints_21-FEB-19.gpx|layername=waypoints
44.175412,-20.783154,60.250701999999997,2019/02/21 08:07:11.000,,,3 012002,,,,,,,,,,"Flag, Blue",,,,,,,,,,Waypoints_21-FEB-19 waypoints,D:/Google Drive/Graduate School/Research/FieldSeason2019KMNP/Waypoints/Waypoints_21-FEB-19.gpx|layername=waypoints
44.173092,-20.778775,67.747146999999998,2019/02/26 07:17:49.000,,,6 022203,,,,,,,,,,"Flag, Blue",,,,,,,,,0,Waypoints_22-FEB-19 waypoints,D:/Google Drive/Graduate School/Research/FieldSeason2019KMNP/Waypoints/Waypoints_22-FEB-19.gpx|layername=waypoints
44.169831,-20.785007,52.870365000000000,2019/02/23 12:04:40.000,,,2 0222301,,,,,,,,,,"Flag, Blue",,,,,,,,,0,Waypoints_23-FEB-19 waypoints,D:/Google Drive/Graduate School/Research/FieldSeason2019KMNP/Waypoints/Waypoints_23-FEB-19.gpx|layername=waypoints
44.170561,-20.784447,63.989052000000001,2019/02/23 12:11:09.000,,,2 011501,,,,,,,,,,"Flag, Blue",,,,,,,,,0,Waypoints_23-FEB-19 waypoints,D:/Google Drive/Graduate School/Research/FieldSeason2019KMNP/Waypoints/Waypoints_23-FEB-19.gpx|layername=waypoints
44.171012,-20.784191,59.160125999999998,2019/02/23 12:18:51.000,,,2 021801,,,,,,,,,,"Flag, Blue",,,,,,,,,0,Waypoints_23-FEB-19 waypoints,D:/Google Drive/Graduate School/Research/FieldSeason2019KMNP/Waypoints/Waypoints_23-FEB-19.gpx|layername=waypoints
44.172389,-20.785412,59.292777999999998,2019/02/23 12:39:24.000,,,2 011201,,,,,,,,,,"Flag, Blue",,,,,,,,,0,Waypoints_23-FEB-19 waypoints,D:/Google Drive/Graduate School/Research/FieldSeason2019KMNP/Waypoints/Waypoints_23-FEB-19.gpx|layername=waypoints
44.174309,-20.784832,64.779373000000007,2019/02/23 12:54:41.000,,,2 011901,,,,,,,,,,"Flag, Blue",,,,,,,,,0,Waypoints_23-FEB-19 waypoints,D:/Google Drive/Graduate School/Research/FieldSeason2019KMNP/Waypoints/Waypoints_23-FEB-19.gpx|layername=waypoints
44.174583,-20.785277,58.198078000000002,2019/02/23 13:00:26.000,,,2 011902,,,,,,,,,,"Flag, Blue",,,,,,,,,0,Waypoints_23-FEB-19 waypoints,D:/Google Drive/Graduate School/Research/FieldSeason2019KMNP/Waypoints/Waypoints_23-FEB-19.gpx|layername=waypoints
44.174512,-20.785736,63.050426000000002,2019/02/23 13:05:02.000,,,2 021302,,,,,,,,,,"Flag, Blue",,,,,,,,,0,Waypoints_23-FEB-19 waypoints,D:/Google Drive/Graduate School/Research/FieldSeason2019KMNP/Waypoints/Waypoints_23-FEB-19.gpx|layername=waypoints
44.174569,-20.785874,67.186340000000001,2019/02/23 13:12:07.000,,,2 021201,,,,,,,,,,"Flag, Blue",,,,,,,,,0,Waypoints_23-FEB-19 waypoints,D:/Google Drive/Graduate School/Research/FieldSeason2019KMNP/Waypoints/Waypoints_23-FEB-19.gpx|layername=waypoints
44.174626,-20.785872,70.239975000000001,2019/02/23 13:16:25.000,,,2 021301,,,,,,,,,,"Flag, Blue",,,,,,,,,0,Waypoints_23-FEB-19 waypoints,D:/Google Drive/Graduate School/Research/FieldSeason2019KMNP/Waypoints/Waypoints_23-FEB-19.gpx|layername=waypoints
44.174492,-20.786113,66.224686000000005,2019/02/23 13:21:36.000,,,2 021202,,,,,,,,,,"Flag, Blue",,,,,,,,,0,Waypoints_23-FEB-19 waypoints,D:/Google Drive/Graduate School/Research/FieldSeason2019KMNP/Waypoints/Waypoints_23-FEB-19.gpx|layername=waypoints
44.174589,-20.786068,66.955460000000002,2019/02/23 13:30:19.000,,,2 021203,,,,,,,,,,"Flag, Blue",,,,,,,,,0,Waypoints_23-FEB-19 waypoints,D:/Google Drive/Graduate School/Research/FieldSeason2019KMNP/Waypoints/Waypoints_23-FEB-19.gpx|layername=waypoints
44.176462,-20.782277,69.653709000000006,2019/02/24 07:53:07.000,,,3 022403,,,,,,,,,,"Flag, Blue",,,,,,,,,0,Waypoints_24-FEB-19 waypoints,D:/Google Drive/Graduate School/Research/FieldSeason2019KMNP/Waypoints/Waypoints_24-FEB-19.gpx|layername=waypoints
44.176526,-20.782243,67.346039000000005,2019/02/24 07:50:01.000,,,3 022402,,,,,,,,,,"Flag, Blue",,,,,,,,,0,Waypoints_24-FEB-19 waypoints,D:/Google Drive/Graduate School/Research/FieldSeason2019KMNP/Waypoints/Waypoints_24-FEB-19.gpx|layername=waypoints
44.176452,-20.782302,60.912495000000000,2019/02/24 08:19:37.000,,,3 022404,,,,,,,,,,"Flag, Blue",,,,,,,,,0,Waypoints_24-FEB-19 waypoints,D:/Google Drive/Graduate School/Research/FieldSeason2019KMNP/Waypoints/Waypoints_24-FEB-19.gpx|layername=waypoints
44.176403,-20.782313,68.292145000000005,2019/02/24 09:00:37.000,,,3 022405,,,,,,,,,,"Flag, Blue",,,,,,,,,0,Waypoints_24-FEB-19 waypoints,D:/Google Drive/Graduate School/Research/FieldSeason2019KMNP/Waypoints/Waypoints_24-FEB-19.gpx|layername=waypoints
44.176325,-20.781605,62.471268000000002,2019/02/24 09:44:52.000,,,3 012004,,,,,,,,,,"Flag, Blue",,,,,,,,,0,Waypoints_24-FEB-19 waypoints,D:/Google Drive/Graduate School/Research/FieldSeason2019KMNP/Waypoints/Waypoints_24-FEB-19.gpx|layername=waypoints
44.177889,-20.779998,61.235264000000001,2019/02/24 10:00:17.000,,,12 011001,,,,,,,,,,"Flag, Blue",,,,,,,,,0,Waypoints_24-FEB-19 waypoints,D:/Google Drive/Graduate School/Research/FieldSeason2019KMNP/Waypoints/Waypoints_24-FEB-19.gpx|layername=waypoints
44.17845,-20.780035,54.861958000000001,2019/02/24 10:09:21.000,,,12 011002,,,,,,,,,,"Flag, Blue",,,,,,,,,0,Waypoints_24-FEB-19 waypoints,D:/Google Drive/Graduate School/Research/FieldSeason2019KMNP/Waypoints/Waypoints_24-FEB-19.gpx|layername=waypoints
44.173259,-20.78652,68.454521000000000,2019/02/25 03:44:24.000,,,2 012202,,,,,,,,,,"Flag, Blue",,,,,,,,,0,Waypoints_25-FEB-19 waypoints,D:/Google Drive/Graduate School/Research/FieldSeason2019KMNP/Waypoints/Waypoints_25-FEB-19.gpx|layername=waypoints
44.173351,-20.786555,66.978217999999998,2019/02/25 03:54:12.000,,,2 012201,,,,,,,,,,"Flag, Blue",,,,,,,,,0,Waypoints_25-FEB-19 waypoints,D:/Google Drive/Graduate School/Research/FieldSeason2019KMNP/Waypoints/Waypoints_25-FEB-19.gpx|layername=waypoints
44.170295,-20.78652,70.020415999999997,2019/02/25 09:57:28.000,,,A1,,,,,,,,,,"Flag, Blue",,,,,,,,,0,Waypoints_25-FEB-19 waypoints,D:/Google Drive/Graduate School/Research/FieldSeason2019KMNP/Waypoints/Waypoints_25-FEB-19.gpx|layername=waypoints
44.173053,-20.7788,66.149460000000005,2019/02/26 07:24:34.000,,,6 022204,,,,,,,,,,"Flag, Blue",,,,,,,,,0,Waypoints_26-FEB-19 waypoints,D:/Google Drive/Graduate School/Research/FieldSeason2019KMNP/Waypoints/Waypoints_26-FEB-19.gpx|layername=waypoints
44.172767,-20.778724,61.285587000000000,2019/02/26 07:32:42.000,,,6 022603,,,,,,,,,,"Flag, Blue",,,,,,,,,0,Waypoints_26-FEB-19 waypoints,D:/Google Drive/Graduate School/Research/FieldSeason2019KMNP/Waypoints/Waypoints_26-FEB-19.gpx|layername=waypoints
44.172811,-20.778704,59.927104999999997,2019/02/26 07:51:45.000,,,6 022604,,,,,,,,,,"Flag, Blue",,,,,,,,,0,Waypoints_26-FEB-19 waypoints,D:/Google Drive/Graduate School/Research/FieldSeason2019KMNP/Waypoints/Waypoints_26-FEB-19.gpx|layername=waypoints
44.172945,-20.778806,61.395556999999997,2019/02/26 08:01:57.000,,,6 022202,,,,,,,,,,"Flag, Blue",,,,,,,,,0,Waypoints_26-FEB-19 waypoints,D:/Google Drive/Graduate School/Research/FieldSeason2019KMNP/Waypoints/Waypoints_26-FEB-19.gpx|layername=waypoints
44.172971,-20.778899,64.930037999999996,2019/02/26 08:16:56.000,,,F12,,,,,,,,,,"Flag, Blue",,,,,,,,,0,Waypoints_26-FEB-19 waypoints,D:/Google Drive/Graduate School/Research/FieldSeason2019KMNP/Waypoints/Waypoints_26-FEB-19.gpx|layername=waypoints
44.173015,-20.778806,63.076008000000002,2019/02/26 08:24:53.000,,,6 022601,,,,,,,,,,"Flag, Blue",,,,,,,,,0,Waypoints_26-FEB-19 waypoints,D:/Google Drive/Graduate School/Research/FieldSeason2019KMNP/Waypoints/Waypoints_26-FEB-19.gpx|layername=waypoints
44.1724,-20.779278,68.205414000000005,2019/03/01 03:33:14.000,,,6 022205,,,,,,,,,,"Flag, Blue",,,,,,,,,0,Waypoints_26-FEB-19 waypoints,D:/Google Drive/Graduate School/Research/FieldSeason2019KMNP/Waypoints/Waypoints_26-FEB-19.gpx|layername=waypoints
44.174821,-20.783819,67.243583999999998,2019/02/27 06:34:25.000,,,3 020603,,,,,,,,,,"Flag, Blue",,,,,,,,,0,Waypoints_27-FEB-19 waypoints,D:/Google Drive/Graduate School/Research/FieldSeason2019KMNP/Waypoints/Waypoints_27-FEB-19.gpx|layername=waypoints
44.174278,-20.783895,63.630828999999999,2019/02/27 06:44:05.000,,,3 020604,,,,,,,,,,"Flag, Blue",,,,,,,,,0,Waypoints_27-FEB-19 waypoints,D:/Google Drive/Graduate School/Research/FieldSeason2019KMNP/Waypoints/Waypoints_27-FEB-19.gpx|layername=waypoints
44.173951,-20.783793,62.103321000000001,2019/02/27 06:53:57.000,,,3 020605,,,,,,,,,,"Flag, Blue",,,,,,,,,0,Waypoints_27-FEB-19 waypoints,D:/Google Drive/Graduate School/Research/FieldSeason2019KMNP/Waypoints/Waypoints_27-FEB-19.gpx|layername=waypoints
44.17435,-20.784013,68.391586000000004,2019/02/27 07:34:51.000,,,3 022702,,,,,,,,,,"Flag, Blue",,,,,,,,,0,Waypoints_27-FEB-19 waypoints,D:/Google Drive/Graduate School/Research/FieldSeason2019KMNP/Waypoints/Waypoints_27-FEB-19.gpx|layername=waypoints
